Term,TF-IDF Score
aw,0.48300842784839426
secur,0.34389970605120235
use,0.2851011741575439
access,0.22974450754546544
manag,0.17639559568097535
data,0.15631804820509196
servic,0.1445583418263603
account,0.14341105339916693
bp,0.14312423129236862
sec,0.13738778915640193
control,0.12849630384565358
amazon,0.12534126067087192
resourc,0.12390715013688024
user,0.10956604479696355
ident,0.09952727105902186
iam,0.09837998263182852
provid,0.09694587209783685
implement,0.09407765102985352
practic,0.09063578574827351
autom,0.08776756468029016
architect,0.0863334541462985
respons,0.0854729878259035
polici,0.08461252150550849
workload,0.08403887729191183
incid,0.08403887729191183
well,0.08346523307831516
framework,0.08002336779673516
best,0.07772879094234848
permiss,0.07486056987436515
pillar,0.07342645934037348
organ,0.07141870459278514
process,0.06969777195199514
requir,0.06969777195199514
key,0.06654272877721346
congur,0.06596908456361679
credenti,0.06453497402962513
log,0.06453497402962513
relat,0.06396132981602846
role,0.06195357506844012
applic,0.06137993085484345
deploy,0.05937217610725511
help,0.055643488718876775
establish,0.055643488718876775
creat,0.053635733971288437
protect,0.05306208975769177
system,0.05277526765089344
network,0.0516279792237001
environ,0.0499070465829101
test,0.04875975815571676
dene,0.04789929183532176
guidanc,0.04761246972852343
team,0.04761246972852343
code,0.04703882551492676
reduc,0.046178359194531754
level,0.04560471498093509
tool,0.04503107076733842
exampl,0.04417060444694342
develop,0.04388378234014508
risk,0.04359696023334675
oper,0.04359696023334675
threat,0.04216284969935508
review,0.04187602759255675
allow,0.04072873916536341
encrypt,0.03986827284496841
need,0.03958145073817008
consid,0.03958145073817008
detect,0.039294628631371745
share,0.03757369599058174
identifi,0.03527911913619507
perform,0.03527911913619507
event,0.0347054749225984
within,0.03441865281580007
emerg,0.03441865281580007
group,0.0338450086022034
root,0.03327136438860673
document,0.03241089806821173
chang,0.03241089806821173
store,0.03183725385461506
step,0.03183725385461506
custom,0.03155043174781673
softwar,0.031263609641018396
monitor,0.03097678753422006
also,0.03097678753422006
alert,0.030689965427421726
central,0.030403143320623393
includ,0.029829499107026723
common,0.029829499107026723
base,0.029829499107026723
integr,0.029255854893430057
grant,0.028969032786631724
layer,0.02868221067983339
model,0.028395388573035054
inform,0.027821744359438388
sensit,0.027248100145841718
mechan,0.027248100145841718
approach,0.02667445593224505
set,0.02638763382544672
certic,0.026100811718648385
secret,0.026100811718648385
updat,0.026100811718648385
trac,0.02581398961185005
issu,0.025240345398253382
lifecycl,0.02495352329145505
sourc,0.02495352329145505
standard,0.024666701184656716
build,0.024666701184656716
action,0.024666701184656716
verifi,0.024666701184656716
web,0.02437987907785838
sign,0.02437987907785838
cloud,0.024093056971060046
support,0.023806234864261713
remedi,0.02351941275746338
solut,0.02351941275746338
audit,0.023232590650665044
analyz,0.023232590650665044
time,0.023232590650665044
pipelin,0.023232590650665044
new,0.02294576854386671
authent,0.022658946437068377
improv,0.022658946437068377
vpc,0.022372124330270044
privileg,0.02208530222347171
pattern,0.02208530222347171
extern,0.021798480116673374
recommend,0.02151165800987504
parti,0.02151165800987504
addit,0.02151165800987504
center,0.02151165800987504
dierent,0.020364369582681705
design,0.020364369582681705
third,0.020077547475883372
appli,0.020077547475883372
expos,0.020077547475883372
object,0.020077547475883372
feder,0.020077547475883372
product,0.01979072536908504
classic,0.01979072536908504
desir,0.01979072536908504
automat,0.019503903262286706
follow,0.019503903262286706
infrastructur,0.019503903262286706
comput,0.019503903262286706
across,0.019503903262286706
public,0.019503903262286706
privat,0.01921708115548837
temporari,0.018930259048690036
understand,0.018930259048690036
trust,0.018930259048690036
outcom,0.018930259048690036
multipl,0.018930259048690036
enforc,0.018930259048690036
bucket,0.018930259048690036
appropri,0.018643436941891703
continu,0.018643436941891703
activ,0.018643436941891703
way,0.018643436941891703
respond,0.01835661483509337
valid,0.01835661483509337
long,0.018069792728295037
scope,0.018069792728295037
avail,0.018069792728295037
commun,0.0177829706214967
run,0.0177829706214967
api,0.017496148514698367
separ,0.017496148514698367
imag,0.017209326407900034
author,0.017209326407900034
potenti,0.017209326407900034
instanc,0.017209326407900034
prevent,0.0169225043011017
plan,0.0169225043011017
function,0.016635682194303364
see,0.016635682194303364
vulner,0.01634886008750503
specic,0.01634886008750503
least,0.01634886008750503
manual,0.01634886008750503
anti,0.01634886008750503
place,0.016062037980706698
eectiv,0.015775215873908364
complianc,0.015775215873908364
password,0.015775215873908364
make,0.015775215873908364
gener,0.015775215873908364
term,0.015775215873908364
princip,0.01548839376711003
capabl,0.01548839376711003
mfa,0.01548839376711003
train,0.015201571660311696
one,0.015201571660311696
rotat,0.015201571660311696
benet,0.014914749553513362
rule,0.014914749553513362
human,0.014914749553513362
depend,0.014627927446715028
evalu,0.014627927446715028
cross,0.014341105339916695
determin,0.014341105339916695
km,0.014341105339916695
scan,0.01405428323311836
may,0.01405428323311836
case,0.01405428323311836
mitig,0.01405428323311836
nding,0.01405428323311836
part,0.01405428323311836
regularli,0.013767461126320027
tag,0.013767461126320027
compon,0.013767461126320027
administr,0.013767461126320027
backup,0.013767461126320027
storag,0.013767461126320027
might,0.013480639019521692
reli,0.013480639019521692
maintain,0.013480639019521692
strategi,0.013480639019521692
in,0.01319381691272336
contain,0.01319381691272336
high,0.012906994805925024
learn,0.012906994805925024
initi,0.012906994805925024
like,0.012906994805925024
featur,0.012906994805925024
builder,0.012906994805925024
request,0.012620172699126691
cong,0.012620172699126691
member,0.012620172699126691
type,0.012620172699126691
cloudtrail,0.012620172699126691
check,0.012333350592328358
provis,0.012333350592328358
guid,0.012333350592328358
take,0.012046528485530023
forens,0.012046528485530023
rest,0.012046528485530023
govern,0.012046528485530023
locat,0.01175970637873169
remov,0.01175970637873169
associ,0.01175970637873169
number,0.01175970637873169
task,0.01175970637873169
impact,0.01175970637873169
must,0.01175970637873169
bas,0.011472884271933355
cicd,0.011472884271933355
version,0.011472884271933355
video,0.011472884271933355
detail,0.011472884271933355
cost,0.011186062165135022
program,0.011186062165135022
period,0.011186062165135022
playbook,0.011186062165135022
unauthor,0.011186062165135022
attribut,0.011186062165135022
list,0.011186062165135022
lambda,0.011186062165135022
consist,0.011186062165135022
token,0.011186062165135022
busi,0.010899240058336687
patch,0.010899240058336687
simul,0.010899240058336687
templat,0.010899240058336687
architectur,0.010899240058336687
investig,0.010899240058336687
prepar,0.010899240058336687
option,0.010612417951538354
boundari,0.010612417951538354
import,0.010612417951538354
necessari,0.010612417951538354
start,0.010612417951538354
cloudform,0.010612417951538354
workforc,0.010612417951538354
captur,0.010612417951538354
balanc,0.010325595844740021
packag,0.010325595844740021
guardrail,0.010325595844740021
peopl,0.010038773737941686
align,0.010038773737941686
scp,0.010038773737941686
possibl,0.010038773737941686
handl,0.010038773737941686
region,0.010038773737941686
condit,0.009751951631143353
pre,0.009751951631143353
without,0.009751951631143353
principl,0.009751951631143353
individu,0.009751951631143353
miscongur,0.009751951631143353
non,0.009751951631143353
default,0.009751951631143353
programmat,0.009465129524345018
enabl,0.009465129524345018
recoveri,0.009465129524345018
transit,0.009465129524345018
exercis,0.009465129524345018
devic,0.009465129524345018
restrict,0.009465129524345018
relev,0.009465129524345018
databas,0.009465129524345018
tower,0.009465129524345018
address,0.009465129524345018
partner,0.009465129524345018
critic,0.009178307417546685
protocol,0.009178307417546685
collect,0.009178307417546685
load,0.009178307417546685
multi,0.009178307417546685
increas,0.00889148531074835
queri,0.00889148531074835
involv,0.00889148531074835
isol,0.00889148531074835
mani,0.00889148531074835
limit,0.00889148531074835
hub,0.00889148531074835
machin,0.008604663203950017
organiz,0.008604663203950017
penetr,0.008604663203950017
connect,0.008604663203950017
on,0.008604663203950017
refer,0.008604663203950017
work,0.008604663203950017
report,0.008317841097151682
artifact,0.008317841097151682
medium,0.008317841097151682
guardduti,0.008317841097151682
inspect,0.008031018990353349
ensur,0.008031018990353349
scenario,0.008031018990353349
cloudwatch,0.008031018990353349
singl,0.008031018990353349
point,0.008031018990353349
harden,0.008031018990353349
ow,0.008031018990353349
failur,0.007744196883555015
tl,0.007744196883555015
exist,0.007744196883555015
select,0.007457374776756681
strong,0.007457374776756681
gateway,0.007457374776756681
get,0.007457374776756681
senior,0.007457374776756681
track,0.007457374776756681
analysi,0.007457374776756681
scale,0.007457374776756681
unintend,0.007457374776756681
structur,0.007457374776756681
releas,0.007170552669958348
elast,0.007170552669958348
correl,0.007170552669958348
approv,0.007170552669958348
firewal,0.007170552669958348
rout,0.007170552669958348
area,0.007170552669958348
outsid,0.007170552669958348
session,0.007170552669958348
stay,0.007170552669958348
describ,0.006883730563160014
zone,0.006883730563160014
properti,0.006883730563160014
unexpect,0.006883730563160014
personnel,0.006883730563160014
foundat,0.006883730563160014
assum,0.006883730563160014
priorit,0.006883730563160014
expect,0.006883730563160014
valu,0.006883730563160014
lake,0.006883730563160014
repositori,0.00659690845636168
delet,0.00659690845636168
oer,0.00659690845636168
interact,0.00659690845636168
to,0.00659690845636168
identi,0.006310086349563346
unit,0.006310086349563346
compli,0.006310086349563346
two,0.006310086349563346
direct,0.006310086349563346
contact,0.006310086349563346
feedback,0.006310086349563346
turn,0.006310086349563346
behavior,0.006310086349563346
meet,0.006023264242765012
achiev,0.006023264242765012
mode,0.006023264242765012
minim,0.006023264242765012
date,0.006023264242765012
call,0.006023264242765012
instead,0.006023264242765012
purpos,0.006023264242765012
qualiti,0.006023264242765012
open,0.006023264242765012
technolog,0.006023264242765012
signatur,0.006023264242765012
consol,0.006023264242765012
retent,0.006023264242765012
regular,0.006023264242765012
either,0.005736442135966678
end,0.005736442135966678
built,0.005736442135966678
client,0.005736442135966678
eb,0.005736442135966678
codeguru,0.005736442135966678
retriev,0.005736442135966678
result,0.005736442135966678
cognito,0.005449620029168344
factor,0.005449620029168344
error,0.005449620029168344
assess,0.005449620029168344
latest,0.005449620029168344
http,0.005449620029168344
sever,0.005449620029168344
intellig,0.005449620029168344
choos,0.005449620029168344
section,0.005449620029168344
right,0.005449620029168344
rst,0.005449620029168344
abil,0.005449620029168344
endpoint,0.005449620029168344
perimet,0.005449620029168344
cli,0.005449620029168344
procedur,0.005449620029168344
ownership,0.0051627979223700105
complex,0.0051627979223700105
phase,0.0051627979223700105
complet,0.0051627979223700105
occur,0.0051627979223700105
situat,0.0051627979223700105
assign,0.0051627979223700105
cryptograph,0.0051627979223700105
email,0.0051627979223700105
decis,0.0051627979223700105
metric,0.0051627979223700105
throughout,0.0051627979223700105
iot,0.0051627979223700105
full,0.0051627979223700105
method,0.0051627979223700105
resolv,0.0048759758155716764
incorpor,0.0048759758155716764
abl,0.0048759758155716764
anywher,0.0048759758155716764
premis,0.0048759758155716764
iac,0.0048759758155716764
stakehold,0.0048759758155716764
anoth,0.0048759758155716764
known,0.0048759758155716764
archiv,0.0048759758155716764
notic,0.0048759758155716764
sdk,0.0048759758155716764
exposur,0.0048759758155716764
job,0.0048759758155716764
distribut,0.0048759758155716764
technic,0.0048759758155716764
techniqu,0.0048759758155716764
rd,0.0048759758155716764
whitepap,0.0048759758155716764
adher,0.0048759758155716764
materi,0.0048759758155716764
goal,0.0048759758155716764
interfac,0.0048759758155716764
volum,0.0048759758155716764
maximum,0.004589153708773342
rewal,0.004589153708773342
industri,0.004589153708773342
internet,0.004589153708773342
keep,0.004589153708773342
workshop,0.004589153708773342
recov,0.004589153708773342
variou,0.004589153708773342
entiti,0.004589153708773342
everi,0.004589153708773342
subnet,0.004589153708773342
postur,0.004589153708773342
simplifi,0.004589153708773342
ami,0.004589153708773342
owner,0.004589153708773342
overal,0.004589153708773342
replac,0.004589153708773342
becom,0.004589153708773342
publish,0.004589153708773342
prescript,0.004589153708773342
hierarchi,0.004589153708773342
deleg,0.004302331601975008
even,0.004302331601975008
name,0.004302331601975008
scheme,0.004302331601975008
saml,0.004302331601975008
success,0.004302331601975008
consum,0.004302331601975008
instal,0.004302331601975008
reinvent,0.004302331601975008
simpl,0.004302331601975008
obtain,0.004302331601975008
consider,0.004302331601975008
longer,0.004302331601975008
uniqu,0.004302331601975008
denit,0.004302331601975008
conduct,0.004302331601975008
avoid,0.004302331601975008
employe,0.004302331601975008
escal,0.004302331601975008
waf,0.004302331601975008
rather,0.004302331601975008
lead,0.004015509495176674
scalabl,0.004015509495176674
repres,0.004015509495176674
inspector,0.004015509495176674
librari,0.004015509495176674
intern,0.004015509495176674
read,0.004015509495176674
could,0.004015509495176674
enrich,0.004015509495176674
creation,0.004015509495176674
regulatori,0.004015509495176674
local,0.004015509495176674
overhead,0.004015509495176674
fail,0.004015509495176674
devop,0.004015509495176674
maci,0.004015509495176674
grain,0.004015509495176674
depth,0.004015509495176674
abac,0.004015509495176674
typic,0.004015509495176674
ci,0.004015509495176674
block,0.004015509495176674
ad,0.004015509495176674
want,0.004015509495176674
usag,0.004015509495176674
snapshot,0.004015509495176674
static,0.004015509495176674
aspect,0.004015509495176674
context,0.004015509495176674
similar,0.004015509495176674
cloudfront,0.004015509495176674
stage,0.004015509495176674
current,0.0037286873883783404
privatelink,0.0037286873883783404
sole,0.0037286873883783404
caus,0.0037286873883783404
server,0.0037286873883783404
proper,0.0037286873883783404
facilit,0.0037286873883783404
project,0.0037286873883783404
quickli,0.0037286873883783404
dont,0.0037286873883783404
domain,0.0037286873883783404
virtual,0.0037286873883783404
elev,0.0037286873883783404
lock,0.0037286873883783404
rel,0.0037286873883783404
howev,0.0037286873883783404
resid,0.0037286873883783404
knowledg,0.0037286873883783404
dedic,0.0037286873883783404
origin,0.0037286873883783404
regul,0.0037286873883783404
attach,0.0037286873883783404
normal,0.0037286873883783404
modifi,0.0037286873883783404
ongo,0.0037286873883783404
accord,0.003441865281580007
clear,0.003441865281580007
due,0.003441865281580007
command,0.003441865281580007
serv,0.003441865281580007
day,0.003441865281580007
comprehens,0.003441865281580007
acm,0.003441865281580007
compar,0.003441865281580007
logic,0.003441865281580007
low,0.003441865281580007
dn,0.003441865281580007
leav,0.003441865281580007
deliveri,0.003441865281580007
catalog,0.003441865281580007
form,0.003441865281580007
overli,0.003441865281580007
give,0.003441865281580007
expir,0.003441865281580007
correct,0.003441865281580007
upload,0.003441865281580007
guard,0.003441865281580007
less,0.003441865281580007
revok,0.003441865281580007
evolv,0.003441865281580007
good,0.003155043174781673
focu,0.003155043174781673
directli,0.003155043174781673
opportun,0.003155043174781673
signer,0.003155043174781673
nist,0.003155043174781673
host,0.003155043174781673
unavail,0.003155043174781673
ne,0.003155043174781673
deni,0.003155043174781673
view,0.003155043174781673
schedul,0.003155043174781673
taken,0.003155043174781673
adjust,0.003155043174781673
employ,0.003155043174781673
shield,0.003155043174781673
easier,0.003155043174781673
publicli,0.003155043174781673
earli,0.003155043174781673
dynamodb,0.003155043174781673
certain,0.003155043174781673
made,0.003155043174781673
advanc,0.003155043174781673
eventbridg,0.003155043174781673
measur,0.003155043174781673
agent,0.003155043174781673
tabl,0.003155043174781673
phone,0.003155043174781673
metadata,0.003155043174781673
proactiv,0.003155043174781673
state,0.003155043174781673
condenc,0.003155043174781673
self,0.003155043174781673
land,0.003155043174781673
landscap,0.003155043174781673
serverless,0.003155043174781673
setup,0.003155043174781673
acceler,0.003155043174781673
combin,0.003155043174781673
likelihood,0.003155043174781673
decrypt,0.003155043174781673
outlin,0.002868221067983339
topic,0.002868221067983339
directori,0.002868221067983339
gain,0.002868221067983339
ou,0.002868221067983339
construct,0.002868221067983339
ingest,0.002868221067983339
actual,0.002868221067983339
github,0.002868221067983339
veric,0.002868221067983339
receiv,0.002868221067983339
flow,0.002868221067983339
insight,0.002868221067983339
write,0.002868221067983339
aect,0.002868221067983339
channel,0.002868221067983339
rang,0.002868221067983339
embed,0.002868221067983339
ek,0.002868221067983339
enhanc,0.002868221067983339
adopt,0.002868221067983339
advantag,0.002868221067983339
spec,0.002868221067983339
still,0.002868221067983339
previou,0.002868221067983339
especi,0.002868221067983339
prefer,0.002868221067983339
broad,0.002868221067983339
post,0.002868221067983339
question,0.002868221067983339
altern,0.002868221067983339
physic,0.002868221067983339
consult,0.002868221067983339
script,0.002868221067983339
whether,0.002868221067983339
deliv,0.002868221067983339
content,0.002868221067983339
around,0.002868221067983339
legal,0.002868221067983339
copi,0.002868221067983339
workow,0.002868221067983339
repeat,0.002868221067983339
guidelin,0.002868221067983339
collabor,0.002868221067983339
side,0.002868221067983339
misus,0.002868221067983339
would,0.002868221067983339
ops,0.002868221067983339
attribute,0.0025813989611850052
last,0.0025813989611850052
often,0.0025813989611850052
mobil,0.0025813989611850052
lesson,0.0025813989611850052
unencrypt,0.0025813989611850052
visual,0.0025813989611850052
registri,0.0025813989611850052
ecient,0.0025813989611850052
prior,0.0025813989611850052
cdk,0.0025813989611850052
west,0.0025813989611850052
diagram,0.0025813989611850052
modi,0.0025813989611850052
codepipelin,0.0025813989611850052
methodolog,0.0025813989611850052
mirror,0.0025813989611850052
break,0.0025813989611850052
subscrib,0.0025813989611850052
east,0.0025813989611850052
eort,0.0025813989611850052
oauth,0.0025813989611850052
add,0.0025813989611850052
mtl,0.0025813989611850052
runbook,0.0025813989611850052
inventori,0.0025813989611850052
present,0.0025813989611850052
matter,0.0025813989611850052
trail,0.0025813989611850052
enterpris,0.0025813989611850052
better,0.0025813989611850052
record,0.0025813989611850052
safe,0.0025813989611850052
saa,0.0025813989611850052
cybersecur,0.0025813989611850052
reect,0.0025813989611850052
minor,0.0025813989611850052
awar,0.0025813989611850052
athena,0.0025813989611850052
regardless,0.0025813989611850052
inlin,0.0025813989611850052
red,0.0025813989611850052
engag,0.0025813989611850052
order,0.0025813989611850052
specifi,0.0025813989611850052
back,0.0025813989611850052
think,0.0025813989611850052
onboard,0.0025813989611850052
scim,0.0025813989611850052
remain,0.0025813989611850052
earlier,0.0025813989611850052
basi,0.0025813989611850052
deep,0.0025813989611850052
core,0.0025813989611850052
master,0.002294576854386671
app,0.002294576854386671
encourag,0.002294576854386671
ssh,0.002294576854386671
anomali,0.002294576854386671
hybrid,0.002294576854386671
unnecessari,0.002294576854386671
runtim,0.002294576854386671
up,0.002294576854386671
visibl,0.002294576854386671
glass,0.002294576854386671
top,0.002294576854386671
am,0.002294576854386671
vendor,0.002294576854386671
assist,0.002294576854386671
input,0.002294576854386671
emb,0.002294576854386671
sdlc,0.002294576854386671
baselin,0.002294576854386671
le,0.002294576854386671
lattic,0.002294576854386671
inadvert,0.002294576854386671
note,0.002294576854386671
happen,0.002294576854386671
blog,0.002294576854386671
export,0.002294576854386671
aggreg,0.002294576854386671
explicitli,0.002294576854386671
hardwar,0.002294576854386671
pool,0.002294576854386671
compromis,0.002294576854386671
mean,0.002294576854386671
introduc,0.002294576854386671
subject,0.002294576854386671
condenti,0.002294576854386671
unus,0.002294576854386671
discov,0.002294576854386671
reliabl,0.002294576854386671
clearli,0.002294576854386671
chain,0.002294576854386671
proven,0.002294576854386671
close,0.002294576854386671
reinforc,0.002294576854386671
liv,0.002294576854386671
rene,0.002294576854386671
skill,0.002294576854386671
codeartifact,0.002294576854386671
siem,0.002294576854386671
classifi,0.002294576854386671
service,0.002294576854386671
duti,0.002294576854386671
chanc,0.002294576854386671
retain,0.002294576854386671
accur,0.002294576854386671
ram,0.002294576854386671
accept,0.002007754747588337
distinct,0.002007754747588337
know,0.002007754747588337
put,0.002007754747588337
relationship,0.002007754747588337
az,0.002007754747588337
format,0.002007754747588337
insid,0.002007754747588337
evid,0.002007754747588337
optim,0.002007754747588337
miss,0.002007754747588337
strongli,0.002007754747588337
cultur,0.002007754747588337
formal,0.002007754747588337
commit,0.002007754747588337
paper,0.002007754747588337
path,0.002007754747588337
inspection,0.002007754747588337
lower,0.002007754747588337
sn,0.002007754747588337
cloudhsm,0.002007754747588337
sid,0.002007754747588337
facil,0.002007754747588337
intend,0.002007754747588337
instruct,0.002007754747588337
destruct,0.002007754747588337
resource,0.002007754747588337
modern,0.002007754747588337
oblig,0.002007754747588337
membership,0.002007754747588337
download,0.002007754747588337
per,0.002007754747588337
robust,0.002007754747588337
health,0.002007754747588337
compani,0.002007754747588337
experi,0.002007754747588337
transform,0.002007754747588337
sure,0.002007754747588337
streamlin,0.002007754747588337
found,0.002007754747588337
beyond,0.002007754747588337
dynam,0.002007754747588337
acl,0.002007754747588337
vault,0.002007754747588337
wherev,0.002007754747588337
care,0.002007754747588337
minimum,0.002007754747588337
manner,0.002007754747588337
match,0.002007754747588337
renew,0.002007754747588337
malwar,0.002007754747588337
languag,0.002007754747588337
attempt,0.002007754747588337
enter,0.002007754747588337
den,0.002007754747588337
entir,0.002007754747588337
cycl,0.002007754747588337
identity,0.002007754747588337
veri,0.002007754747588337
burden,0.002007754747588337
indic,0.002007754747588337
tim,0.002007754747588337
three,0.002007754747588337
primari,0.002007754747588337
inherit,0.002007754747588337
erad,0.002007754747588337
much,0.002007754747588337
accident,0.002007754747588337
elimin,0.002007754747588337
gather,0.0017209326407900034
output,0.0017209326407900034
rdp,0.0017209326407900034
inbound,0.0017209326407900034
come,0.0017209326407900034
global,0.0017209326407900034
oidc,0.0017209326407900034
perspect,0.0017209326407900034
permit,0.0017209326407900034
independ,0.0017209326407900034
choic,0.0017209326407900034
along,0.0017209326407900034
aid,0.0017209326407900034
simpli,0.0017209326407900034
perf,0.0017209326407900034
defense,0.0017209326407900034
defens,0.0017209326407900034
paramet,0.0017209326407900034
discuss,0.0017209326407900034
migrat,0.0017209326407900034
line,0.0017209326407900034
own,0.0017209326407900034
timelin,0.0017209326407900034
reduct,0.0017209326407900034
actor,0.0017209326407900034
dive,0.0017209326407900034
aus,0.0017209326407900034
alarm,0.0017209326407900034
peer,0.0017209326407900034
cover,0.0017209326407900034
granular,0.0017209326407900034
alongsid,0.0017209326407900034
login,0.0017209326407900034
game,0.0017209326407900034
gap,0.0017209326407900034
leadership,0.0017209326407900034
thing,0.0017209326407900034
deriv,0.0017209326407900034
digit,0.0017209326407900034
suit,0.0017209326407900034
mainten,0.0017209326407900034
natur,0.0017209326407900034
subset,0.0017209326407900034
concept,0.0017209326407900034
highli,0.0017209326407900034
stackset,0.0017209326407900034
cve,0.0017209326407900034
restor,0.0017209326407900034
pull,0.0017209326407900034
sampl,0.0017209326407900034
complement,0.0017209326407900034
ransomwar,0.0017209326407900034
browser,0.0017209326407900034
advisor,0.0017209326407900034
properli,0.0017209326407900034
compos,0.0017209326407900034
previous,0.0017209326407900034
main,0.0017209326407900034
send,0.0017209326407900034
easili,0.0017209326407900034
special,0.0017209326407900034
stig,0.0017209326407900034
invok,0.0017209326407900034
canari,0.0017209326407900034
higher,0.0017209326407900034
exibl,0.0017209326407900034
synchron,0.0017209326407900034
hand,0.0017209326407900034
nativ,0.0017209326407900034
hands,0.0017209326407900034
item,0.0017209326407900034
leverag,0.0017209326407900034
pki,0.0017209326407900034
hard,0.0017209326407900034
mandatori,0.0017209326407900034
upon,0.0017209326407900034
amount,0.0017209326407900034
categor,0.0017209326407900034
major,0.0017209326407900034
quicksight,0.0017209326407900034
notifi,0.0017209326407900034
accordingli,0.0017209326407900034
speed,0.0017209326407900034
anomal,0.0017209326407900034
produc,0.0017209326407900034
posit,0.0017209326407900034
ssm,0.0017209326407900034
port,0.0017209326407900034
true,0.0017209326407900034
listen,0.0014341105339916694
zero,0.0014341105339916694
id,0.0014341105339916694
immedi,0.0014341105339916694
imdsv,0.0014341105339916694
unless,0.0014341105339916694
glue,0.0014341105339916694
other,0.0014341105339916694
defect,0.0014341105339916694
gwlb,0.0014341105339916694
underli,0.0014341105339916694
shift,0.0014341105339916694
descript,0.0014341105339916694
ask,0.0014341105339916694
us,0.0014341105339916694
assert,0.0014341105339916694
otherwis,0.0014341105339916694
remot,0.0014341105339916694
modic,0.0014341105339916694
guest,0.0014341105339916694
short,0.0014341105339916694
correspond,0.0014341105339916694
assur,0.0014341105339916694
applianc,0.0014341105339916694
grow,0.0014341105339916694
sigv,0.0014341105339916694
analyt,0.0014341105339916694
link,0.0014341105339916694
next,0.0014341105339916694
orchestr,0.0014341105339916694
newli,0.0014341105339916694
sast,0.0014341105339916694
codebuild,0.0014341105339916694
sbom,0.0014341105339916694
move,0.0014341105339916694
reus,0.0014341105339916694
single,0.0014341105339916694
sent,0.0014341105339916694
power,0.0014341105339916694
ddo,0.0014341105339916694
drift,0.0014341105339916694
intervent,0.0014341105339916694
wait,0.0014341105339916694
popular,0.0014341105339916694
expert,0.0014341105339916694
respect,0.0014341105339916694
done,0.0014341105339916694
switch,0.0014341105339916694
play,0.0014341105339916694
platform,0.0014341105339916694
extract,0.0014341105339916694
out,0.0014341105339916694
judgment,0.0014341105339916694
tabletop,0.0014341105339916694
bill,0.0014341105339916694
purpose,0.0014341105339916694
introduct,0.0014341105339916694
persist,0.0014341105339916694
websit,0.0014341105339916694
iter,0.0014341105339916694
progress,0.0014341105339916694
cyber,0.0014341105339916694
return,0.0014341105339916694
mask,0.0014341105339916694
malici,0.0014341105339916694
educ,0.0014341105339916694
cake,0.0014341105339916694
cach,0.0014341105339916694
ec,0.0014341105339916694
matrix,0.0014341105339916694
sovereignti,0.0014341105339916694
equival,0.0014341105339916694
bug,0.0014341105339916694
preserv,0.0014341105339916694
broken,0.0014341105339916694
predict,0.0014341105339916694
criteria,0.0014341105339916694
plain,0.0014341105339916694
favor,0.0014341105339916694
look,0.0014341105339916694
pass,0.0014341105339916694
particular,0.0014341105339916694
sme,0.0014341105339916694
focus,0.0014341105339916694
small,0.0014341105339916694
disrupt,0.0014341105339916694
microsoft,0.0014341105339916694
frequent,0.0014341105339916694
ingress,0.0014341105339916694
overview,0.0014341105339916694
aliat,0.0014341105339916694
disclosur,0.0014341105339916694
act,0.0014341105339916694
aconsid,0.0014341105339916694
topolog,0.0014341105339916694
disabl,0.0014341105339916694
reset,0.0014341105339916694
text,0.0014341105339916694
microservic,0.0014341105339916694
kubernet,0.0014341105339916694
temporarili,0.0014341105339916694
tamper,0.0014341105339916694
readi,0.0014341105339916694
target,0.0014341105339916694
meta,0.0011472884271933356
administ,0.0011472884271933356
launch,0.0011472884271933356
ahead,0.0011472884271933356
marketplac,0.0011472884271933356
mind,0.0011472884271933356
live,0.0011472884271933356
minut,0.0011472884271933356
larg,0.0011472884271933356
vend,0.0011472884271933356
mishandl,0.0011472884271933356
whole,0.0011472884271933356
announc,0.0011472884271933356
window,0.0011472884271933356
youll,0.0011472884271933356
mistak,0.0011472884271933356
aif,0.0011472884271933356
lter,0.0011472884271933356
agenc,0.0011472884271933356
lost,0.0011472884271933356
aim,0.0011472884271933356
year,0.0011472884271933356
xml,0.0011472884271933356
jwt,0.0011472884271933356
aidentifi,0.0011472884271933356
mention,0.0011472884271933356
longterm,0.0011472884271933356
intent,0.0011472884271933356
inconsist,0.0011472884271933356
inuenc,0.0011472884271933356
wrong,0.0011472884271933356
andor,0.0011472884271933356
contribut,0.0011472884271933356
preced,0.0011472884271933356
stack,0.0011472884271933356
equal,0.0011472884271933356
environment,0.0011472884271933356
envelop,0.0011472884271933356
ca,0.0011472884271933356
enough,0.0011472884271933356
problem,0.0011472884271933356
card,0.0011472884271933356
behalf,0.0011472884271933356
promot,0.0011472884271933356
propag,0.0011472884271933356
egress,0.0011472884271933356
eet,0.0011472884271933356
edit,0.0011472884271933356
prove,0.0011472884271933356
stop,0.0011472884271933356
bulletin,0.0011472884271933356
bring,0.0011472884271933356
everyon,0.0011472884271933356
excel,0.0011472884271933356
suggest,0.0011472884271933356
execut,0.0011472884271933356
suppli,0.0011472884271933356
sus,0.0011472884271933356
explicit,0.0011472884271933356
extens,0.0011472884271933356
plane,0.0011472884271933356
bif,0.0011472884271933356
tactic,0.0011472884271933356
familiar,0.0011472884271933356
fargat,0.0011472884271933356
person,0.0011472884271933356
ecienc,0.0011472884271933356
durabl,0.0011472884271933356
real,0.0011472884271933356
resili,0.0011472884271933356
schema,0.0011472884271933356
sagemak,0.0011472884271933356
safeguard,0.0011472884271933356
consequ,0.0011472884271933356
security,0.0011472884271933356
confer,0.0011472884271933356
roll,0.0011472884271933356
segment,0.0011472884271933356
revoc,0.0011472884271933356
customer,0.0011472884271933356
daili,0.0011472884271933356
comprehend,0.0011472884271933356
dast,0.0011472884271933356
compet,0.0011472884271933356
repetit,0.0011472884271933356
reason,0.0011472884271933356
demand,0.0011472884271933356
denial,0.0011472884271933356
depart,0.0011472884271933356
cod,0.0011472884271933356
deprec,0.0011472884271933356
cluster,0.0011472884271933356
cirt,0.0011472884271933356
cipher,0.0011472884271933356
disa,0.0011472884271933356
disallow,0.0011472884271933356
disast,0.0011472884271933356
disclos,0.0011472884271933356
checklist,0.0011472884271933356
redeploy,0.0011472884271933356
feasibl,0.0011472884271933356
faster,0.0011472884271933356
hash,0.0011472884271933356
begin,0.0011472884271933356
futur,0.0011472884271933356
packet,0.0011472884271933356
outpost,0.0011472884271933356
overlap,0.0011472884271933356
tightli,0.0011472884271933356
transport,0.0011472884271933356
travers,0.0011472884271933356
glossari,0.0011472884271933356
owasp,0.0011472884271933356
glacier,0.0011472884271933356
fulli,0.0011472884271933356
overlook,0.0011472884271933356
north,0.0011472884271933356
funct,0.0011472884271933356
given,0.0011472884271933356
appsec,0.0011472884271933356
outbound,0.0011472884271933356
fundament,0.0011472884271933356
feed,0.0011472884271933356
thorough,0.0011472884271933356
anyon,0.0011472884271933356
togeth,0.0011472884271933356
of,0.0011472884271933356
triag,0.0011472884271933356
unlik,0.0011472884271933356
asset,0.0011472884271933356
uncov,0.0011472884271933356
tenant,0.0011472884271933356
assumerol,0.0011472884271933356
tradit,0.0011472884271933356
idp,0.0011472884271933356
basic,0.0011472884271933356
transfer,0.0011472884271933356
shell,0.0008604663203950017
tam,0.0008604663203950017
show,0.0008604663203950017
treat,0.0008604663203950017
ocsf,0.0008604663203950017
usabl,0.0008604663203950017
transmit,0.0008604663203950017
simpler,0.0008604663203950017
simultan,0.0008604663203950017
onlin,0.0008604663203950017
seven,0.0008604663203950017
trustworthi,0.0008604663203950017
reput,0.0008604663203950017
written,0.0008604663203950017
length,0.0008604663203950017
unusu,0.0008604663203950017
unwant,0.0008604663203950017
scop,0.0008604663203950017
search,0.0008604663203950017
rss,0.0008604663203950017
secbp,0.0008604663203950017
second,0.0008604663203950017
xing,0.0008604663203950017
neglect,0.0008604663203950017
segreg,0.0008604663203950017
research,0.0008604663203950017
movement,0.0008604663203950017
news,0.0008604663203950017
revis,0.0008604663203950017
likewis,0.0008604663203950017
ultim,0.0008604663203950017
modul,0.0008604663203950017
opensearch,0.0008604663203950017
troubleshoot,0.0008604663203950017
reserv,0.0008604663203950017
lin,0.0008604663203950017
redund,0.0008604663203950017
traceabl,0.0008604663203950017
vari,0.0008604663203950017
thoroughli,0.0008604663203950017
matur,0.0008604663203950017
stringrot,0.0008604663203950017
unneed,0.0008604663203950017
submit,0.0008604663203950017
pack,0.0008604663203950017
tier,0.0008604663203950017
pair,0.0008604663203950017
webappdevelop,0.0008604663203950017
pam,0.0008604663203950017
pose,0.0008604663203950017
suspici,0.0008604663203950017
size,0.0008604663203950017
sustain,0.0008604663203950017
memori,0.0008604663203950017
vpn,0.0008604663203950017
particip,0.0008604663203950017
termin,0.0008604663203950017
systemat,0.0008604663203950017
pii,0.0008604663203950017
payload,0.0008604663203950017
phi,0.0008604663203950017
michael,0.0008604663203950017
principalorgid,0.0008604663203950017
timestamp,0.0008604663203950017
statu,0.0008604663203950017
statement,0.0008604663203950017
trade,0.0008604663203950017
readili,0.0008604663203950017
re,0.0008604663203950017
raci,0.0008604663203950017
software,0.0008604663203950017
qual,0.0008604663203950017
purpl,0.0008604663203950017
south,0.0008604663203950017
varieti,0.0008604663203950017
toward,0.0008604663203950017
wid,0.0008604663203950017
speci,0.0008604663203950017
prone,0.0008604663203950017
prompt,0.0008604663203950017
total,0.0008604663203950017
spent,0.0008604663203950017
ssl,0.0008604663203950017
st,0.0008604663203950017
whenev,0.0008604663203950017
map,0.0008604663203950017
standalon,0.0008604663203950017
mutual,0.0008604663203950017
aamazon,0.0008604663203950017
insuci,0.0008604663203950017
docu,0.0008604663203950017
intuit,0.0008604663203950017
compris,0.0008604663203950017
explor,0.0008604663203950017
agreement,0.0008604663203950017
invest,0.0008604663203950017
conclus,0.0008604663203950017
anz,0.0008604663203950017
doesnt,0.0008604663203950017
fulll,0.0008604663203950017
ideal,0.0008604663203950017
conform,0.0008604663203950017
isnt,0.0008604663203950017
confus,0.0008604663203950017
apisfollow,0.0008604663203950017
ide,0.0008604663203950017
expedit,0.0008604663203950017
inc,0.0008604663203950017
discoveri,0.0008604663203950017
conrm,0.0008604663203950017
apn,0.0008604663203950017
drive,0.0008604663203950017
consolid,0.0008604663203950017
examin,0.0008604663203950017
auto,0.0008604663203950017
brainstorm,0.0008604663203950017
blue,0.0008604663203950017
bfor,0.0008604663203950017
disadvantag,0.0008604663203950017
catch,0.0008604663203950017
band,0.0008604663203950017
inclus,0.0008604663203950017
bandwidth,0.0008604663203950017
final,0.0008604663203950017
decid,0.0008604663203950017
industry,0.0008604663203950017
deactiv,0.0008604663203950017
deeper,0.0008604663203950017
among,0.0008604663203950017
alreadi,0.0008604663203950017
cmk,0.0008604663203950017
alon,0.0008604663203950017
four,0.0008604663203950017
challeng,0.0008604663203950017
commonli,0.0008604663203950017
dashboard,0.0008604663203950017
benchmark,0.0008604663203950017
fals,0.0008604663203950017
fall,0.0008604663203950017
immut,0.0008604663203950017
interest,0.0008604663203950017
intermedi,0.0008604663203950017
interoper,0.0008604663203950017
closer,0.0008604663203950017
categori,0.0008604663203950017
credit,0.0008604663203950017
aws,0.0008604663203950017
find,0.0008604663203950017
circumst,0.0008604663203950017
acquir,0.0008604663203950017
element,0.0008604663203950017
augment,0.0008604663203950017
auditor,0.0008604663203950017
guess,0.0008604663203950017
attent,0.0008604663203950017
contractor,0.0008604663203950017
greater,0.0008604663203950017
highlight,0.0008604663203950017
ecr,0.0008604663203950017
edg,0.0008604663203950017
aaw,0.0008604663203950017
aris,0.0008604663203950017
guidancebest,0.0008604663203950017
accomplish,0.0008604663203950017
digest,0.0008604663203950017
helper,0.0008604663203950017
destin,0.0008604663203950017
guardian,0.0008604663203950017
enrol,0.0008604663203950017
eect,0.0008604663203950017
etl,0.0008604663203950017
latenc,0.0008604663203950017
histori,0.0008604663203950017
broader,0.0008604663203950017
later,0.0008604663203950017
container,0.0008604663203950017
assumpt,0.0008604663203950017
duplic,0.0008604663203950017
campaign,0.0008604663203950017
durat,0.0008604663203950017
emit,0.0008604663203950017
chart,0.0008604663203950017
adequ,0.0008604663203950017
just,0.0008604663203950017
broadli,0.0008604663203950017
aurora,0.0008604663203950017
frameworkupd,0.0005736442135966678
first,0.0005736442135966678
dicult,0.0005736442135966678
past,0.0005736442135966678
fip,0.0005736442135966678
chief,0.0005736442135966678
backbon,0.0005736442135966678
trademark,0.0005736442135966678
asymmetr,0.0005736442135966678
ath,0.0005736442135966678
dier,0.0005736442135966678
foster,0.0005736442135966678
distanc,0.0005736442135966678
parquet,0.0005736442135966678
recip,0.0005736442135966678
therefor,0.0005736442135966678
someth,0.0005736442135966678
sometim,0.0005736442135966678
distinguish,0.0005736442135966678
fix,0.0005736442135966678
particularli,0.0005736442135966678
onli,0.0005736442135966678
authorit,0.0005736442135966678
pac,0.0005736442135966678
overrid,0.0005736442135966678
organization,0.0005736442135966678
git,0.0005736442135966678
outag,0.0005736442135966678
ordinari,0.0005736442135966678
tip,0.0005736442135966678
geograph,0.0005736442135966678
away,0.0005736442135966678
timefram,0.0005736442135966678
outset,0.0005736442135966678
discret,0.0005736442135966678
tighten,0.0005736442135966678
redirect,0.0005736442135966678
discussion,0.0005736442135966678
thu,0.0005736442135966678
attest,0.0005736442135966678
dierenti,0.0005736442135966678
dilig,0.0005736442135966678
oversight,0.0005736442135966678
soc,0.0005736442135966678
oppos,0.0005736442135966678
throughoutmay,0.0005736442135966678
overwrit,0.0005736442135966678
overwritten,0.0005736442135966678
redact,0.0005736442135966678
go,0.0005736442135966678
threshold,0.0005736442135966678
social,0.0005736442135966678
regist,0.0005736442135966678
regress,0.0005736442135966678
openid,0.0005736442135966678
front,0.0005736442135966678
sca,0.0005736442135966678
terminolog,0.0005736442135966678
preden,0.0005736442135966678
strive,0.0005736442135966678
cal,0.0005736442135966678
essenti,0.0005736442135966678
stronger,0.0005736442135966678
eas,0.0005736442135966678
studio,0.0005736442135966678
came,0.0005736442135966678
eventu,0.0005736442135966678
subsequ,0.0005736442135966678
breach,0.0005736442135966678
pay,0.0005736442135966678
dump,0.0005736442135966678
dss,0.0005736442135966678
sta,0.0005736442135966678
canon,0.0005736442135966678
cant,0.0005736442135966678
summari,0.0005736442135966678
summit,0.0005736442135966678
ssltl,0.0005736442135966678
excess,0.0005736442135966678
ecaci,0.0005736442135966678
equip,0.0005736442135966678
strike,0.0005736442135966678
strict,0.0005736442135966678
by,0.0005736442135966678
bwhen,0.0005736442135966678
byou,0.0005736442135966678
bypass,0.0005736442135966678
buse,0.0005736442135966678
promptli,0.0005736442135966678
electron,0.0005736442135966678
encompass,0.0005736442135966678
proceed,0.0005736442135966678
encryption,0.0005736442135966678
engin,0.0005736442135966678
stateless,0.0005736442135966678
stream,0.0005736442135966678
strength,0.0005736442135966678
ent,0.0005736442135966678
strengthen,0.0005736442135966678
privaci,0.0005736442135966678
entri,0.0005736442135966678
enumer,0.0005736442135966678
driven,0.0005736442135966678
exltrat,0.0005736442135966678
expand,0.0005736442135966678
rapidli,0.0005736442135966678
ash,0.0005736442135966678
belong,0.0005736442135966678
tcp,0.0005736442135966678
fatigu,0.0005736442135966678
dlcr,0.0005736442135966678
cdn,0.0005736442135966678
behind,0.0005736442135966678
fault,0.0005736442135966678
bedrock,0.0005736442135966678
react,0.0005736442135966678
readabl,0.0005736442135966678
ten,0.0005736442135966678
fewer,0.0005736442135966678
centr,0.0005736442135966678
figur,0.0005736442135966678
pci,0.0005736442135966678
bash,0.0005736442135966678
file,0.0005736442135966678
sound,0.0005736442135966678
beneci,0.0005736442135966678
piec,0.0005736442135966678
portion,0.0005736442135966678
binari,0.0005736442135966678
portal,0.0005736442135966678
surfac,0.0005736442135966678
surround,0.0005736442135966678
experienc,0.0005736442135966678
sra,0.0005736442135966678
expertis,0.0005736442135966678
downtim,0.0005736442135966678
exploit,0.0005736442135966678
sq,0.0005736442135966678
pod,0.0005736442135966678
rail,0.0005736442135966678
pleas,0.0005736442135966678
rais,0.0005736442135966678
extend,0.0005736442135966678
sponsor,0.0005736442135966678
fac,0.0005736442135966678
face,0.0005736442135966678
pivot,0.0005736442135966678
factori,0.0005736442135966678
transpar,0.0005736442135966678
chosen,0.0005736442135966678
alter,0.0005736442135966678
wellarchitect,0.0005736442135966678
via,0.0005736442135966678
compliant,0.0005736442135966678
composit,0.0005736442135966678
intrus,0.0005736442135966678
revisit,0.0005736442135966678
concern,0.0005736442135966678
ip,0.0005736442135966678
ipsec,0.0005736442135966678
agil,0.0005736442135966678
market,0.0005736442135966678
mark,0.0005736442135966678
rework,0.0005736442135966678
conict,0.0005736442135966678
mandat,0.0005736442135966678
watch,0.0005736442135966678
java,0.0005736442135966678
rollback,0.0005736442135966678
crossaccount,0.0005736442135966678
seamlessli,0.0005736442135966678
medic,0.0005736442135966678
al,0.0005736442135966678
alb,0.0005736442135966678
although,0.0005736442135966678
decreas,0.0005736442135966678
mitr,0.0005736442135966678
decoupl,0.0005736442135966678
increasingli,0.0005736442135966678
codedeploy,0.0005736442135966678
declar,0.0005736442135966678
uuid,0.0005736442135966678
alway,0.0005736442135966678
inher,0.0005736442135966678
merg,0.0005736442135966678
middl,0.0005736442135966678
innov,0.0005736442135966678
ocer,0.0005736442135966678
inspir,0.0005736442135966678
comfort,0.0005736442135966678
veloc,0.0005736442135966678
instrument,0.0005736442135966678
venu,0.0005736442135966678
crl,0.0005736442135966678
routin,0.0005736442135966678
upskil,0.0005736442135966678
creep,0.0005736442135966678
accessto,0.0005736442135966678
kyle,0.0005736442135966678
lack,0.0005736442135966678
writeabl,0.0005736442135966678
larger,0.0005736442135966678
abstract,0.0005736442135966678
copyright,0.0005736442135966678
absolut,0.0005736442135966678
convers,0.0005736442135966678
lat,0.0005736442135966678
life,0.0005736442135966678
late,0.0005736442135966678
yet,0.0005736442135966678
let,0.0005736442135966678
your,0.0005736442135966678
save,0.0005736442135966678
youv,0.0005736442135966678
coordin,0.0005736442135966678
aar,0.0005736442135966678
sandbox,0.0005736442135966678
scanner,0.0005736442135966678
contributor,0.0005736442135966678
count,0.0005736442135966678
adetermin,0.0005736442135966678
credentialspassword,0.0005736442135966678
ltere,0.0005736442135966678
json,0.0005736442135966678
credentia,0.0005736442135966678
wide,0.0005736442135966678
loss,0.0005736442135966678
constrain,0.0005736442135966678
adapt,0.0005736442135966678
linux,0.0005736442135966678
safeti,0.0005736442135966678
contextu,0.0005736442135966678
kind,0.0005736442135966678
accuraci,0.0005736442135966678
kit,0.0005736442135966678
correctli,0.0005736442135966678
workstream,0.0005736442135966678
world,0.0005736442135966678
inappropri,0.0005736442135966678
prole,0.0005736442135966678
class,0.0005736442135966678
arrang,0.0005736442135966678
unrel,0.0005736442135966678
noti,0.0005736442135966678
highest,0.0005736442135966678
hour,0.0005736442135966678
understood,0.0005736442135966678
nearli,0.0005736442135966678
rememb,0.0005736442135966678
undergo,0.0005736442135966678
ignor,0.0005736442135966678
undesir,0.0005736442135966678
anonym,0.0005736442135966678
ner,0.0005736442135966678
answer,0.0005736442135966678
unabl,0.0005736442135966678
circular,0.0005736442135966678
similarli,0.0005736442135966678
render,0.0005736442135966678
univers,0.0005736442135966678
signic,0.0005736442135966678
replic,0.0005736442135966678
hitrust,0.0005736442135966678
identitybas,0.0005736442135966678
anticip,0.0005736442135966678
demonstr,0.0005736442135966678
anyth,0.0005736442135966678
unintent,0.0005736442135966678
reliev,0.0005736442135966678
oboard,0.0005736442135966678
negrain,0.0005736442135966678
repeatedli,0.0005736442135966678
analyst,0.0005736442135966678
deviat,0.0005736442135966678
necessarili,0.0005736442135966678
ttp,0.0005736442135966678
sinc,0.0005736442135966678
as,0.0005736442135966678
arun,0.0005736442135966678
upfront,0.0005736442135966678
detector,0.0005736442135966678
importantli,0.0005736442135966678
relianc,0.0005736442135966678
cidr,0.0005736442135966678
untrust,0.0005736442135966678
amplifi,0.0005736442135966678
nuget,0.0005736442135966678
ttl,0.0005736442135966678
hsm,0.0005736442135966678
seamless,0.0002868221067983339
ciso,0.0002868221067983339
clariti,0.0002868221067983339
constitut,0.0002868221067983339
sso,0.0002868221067983339
constantli,0.0002868221067983339
constitu,0.0002868221067983339
charact,0.0002868221067983339
stabl,0.0002868221067983339
smallest,0.0002868221067983339
character,0.0002868221067983339
coarse,0.0002868221067983339
constraint,0.0002868221067983339
sm,0.0002868221067983339
statutori,0.0002868221067983339
sivaraman,0.0002868221067983339
ciam,0.0002868221067983339
six,0.0002868221067983339
singh,0.0002868221067983339
cool,0.0002868221067983339
sizets,0.0002868221067983339
byron,0.0002868221067983339
charg,0.0002868221067983339
convent,0.0002868221067983339
byte,0.0002868221067983339
cadenc,0.0002868221067983339
simulatejuli,0.0002868221067983339
standbi,0.0002868221067983339
cif,0.0002868221067983339
ciphertext,0.0002868221067983339
caf,0.0002868221067983339
conting,0.0002868221067983339
calledvia,0.0002868221067983339
caller,0.0002868221067983339
scientist,0.0002868221067983339
slsa,0.0002868221067983339
consumpt,0.0002868221067983339
slr,0.0002868221067983339
secondari,0.0002868221067983339
smith,0.0002868221067983339
signicantli,0.0002868221067983339
cautiou,0.0002868221067983339
closest,0.0002868221067983339
cconsid,0.0002868221067983339
champion,0.0002868221067983339
cloudfrontaccess,0.0002868221067983339
cfnnag,0.0002868221067983339
shown,0.0002868221067983339
colin,0.0002868221067983339
space,0.0002868221067983339
cert,0.0002868221067983339
sowjanya,0.0002868221067983339
celebr,0.0002868221067983339
centerus,0.0002868221067983339
source,0.0002868221067983339
servicecontrol,0.0002868221067983339
shostack,0.0002868221067983339
colgan,0.0002868221067983339
someon,0.0002868221067983339
cognit,0.0002868221067983339
codifi,0.0002868221067983339
codi,0.0002868221067983339
codesign,0.0002868221067983339
shorter,0.0002868221067983339
co,0.0002868221067983339
sop,0.0002868221067983339
shiftleft,0.0002868221067983339
codecommit,0.0002868221067983339
codecatalyst,0.0002868221067983339
sooner,0.0002868221067983339
socket,0.0002868221067983339
click,0.0002868221067983339
comparison,0.0002868221067983339
signed,0.0002868221067983339
searchanalysi,0.0002868221067983339
conor,0.0002868221067983339
carri,0.0002868221067983339
chapter,0.0002868221067983339
connector,0.0002868221067983339
soon,0.0002868221067983339
cas,0.0002868221067983339
connection,0.0002868221067983339
conjunct,0.0002868221067983339
sql,0.0002868221067983339
chao,0.0002868221067983339
condent,0.0002868221067983339
classi,0.0002868221067983339
selfserv,0.0002868221067983339
caution,0.0002868221067983339
selfservic,0.0002868221067983339
spoong,0.0002868221067983339
spline,0.0002868221067983339
complementari,0.0002868221067983339
compil,0.0002868221067983339
compat,0.0002868221067983339
spike,0.0002868221067983339
sequenc,0.0002868221067983339
sequenti,0.0002868221067983339
serial,0.0002868221067983339
classif,0.0002868221067983339
compartment,0.0002868221067983339
cater,0.0002868221067983339
sitewis,0.0002868221067983339
left,0.0002868221067983339
stephen,0.0002868221067983339
userid,0.0002868221067983339
unwrap,0.0002868221067983339
analyzerfebruari,0.0002868221067983339
upper,0.0002868221067983339
upstream,0.0002868221067983339
upto,0.0002868221067983339
urgenc,0.0002868221067983339
url,0.0002868221067983339
america,0.0002868221067983339
ambigu,0.0002868221067983339
amazonssmmanagedinstancecor,0.0002868221067983339
amazonprovideddn,0.0002868221067983339
alwayson,0.0002868221067983339
useridentityinvokedbi,0.0002868221067983339
business,0.0002868221067983339
usernam,0.0002868221067983339
util,0.0002868221067983339
always,0.0002868221067983339
valuabl,0.0002868221067983339
varianc,0.0002868221067983339
vector,0.0002868221067983339
all,0.0002868221067983339
alia,0.0002868221067983339
algorithm,0.0002868221067983339
ainfrastructur,0.0002868221067983339
versioncontrol,0.0002868221067983339
versu,0.0002868221067983339
angela,0.0002868221067983339
aniti,0.0002868221067983339
anna,0.0002868221067983339
unstructur,0.0002868221067983339
ts,0.0002868221067983339
tutori,0.0002868221067983339
arestrict,0.0002868221067983339
typesecret,0.0002868221067983339
arent,0.0002868221067983339
arbitrari,0.0002868221067983339
unauthent,0.0002868221067983339
appsync,0.0002868221067983339
applicati,0.0002868221067983339
unclear,0.0002868221067983339
uncommon,0.0002868221067983339
appetit,0.0002868221067983339
undergon,0.0002868221067983339
appendix,0.0002868221067983339
underneath,0.0002868221067983339
underpin,0.0002868221067983339
apach,0.0002868221067983339
unfamiliar,0.0002868221067983339
uniform,0.0002868221067983339
unintellig,0.0002868221067983339
anthoni,0.0002868221067983339
unnecessarili,0.0002868221067983339
annual,0.0002868221067983339
unprepar,0.0002868221067983339
unread,0.0002868221067983339
aicpa,0.0002868221067983339
aiam,0.0002868221067983339
virginia,0.0002868221067983339
adversari,0.0002868221067983339
admit,0.0002868221067983339
admin,0.0002868221067983339
adetect,0.0002868221067983339
wickr,0.0002868221067983339
aden,0.0002868221067983339
widespread,0.0002868221067983339
widest,0.0002868221067983339
addedoctob,0.0002868221067983339
wish,0.0002868221067983339
addedapril,0.0002868221067983339
wont,0.0002868221067983339
aconsolid,0.0002868221067983339
acongur,0.0002868221067983339
workloadreplac,0.0002868221067983339
accountlevel,0.0002868221067983339
workspac,0.0002868221067983339
worldwid,0.0002868221067983339
worth,0.0002868221067983339
wrap,0.0002868221067983339
abuseamazoncom,0.0002868221067983339
xed,0.0002868221067983339
abnorm,0.0002868221067983339
aautom,0.0002868221067983339
youtub,0.0002868221067983339
zach,0.0002868221067983339
what,0.0002868221067983339
went,0.0002868221067983339
ai,0.0002868221067983339
wellden,0.0002868221067983339
virus,0.0002868221067983339
ahow,0.0002868221067983339
visit,0.0002868221067983339
aguardduti,0.0002868221067983339
vital,0.0002868221067983339
volatil,0.0002868221067983339
volumin,0.0002868221067983339
agre,0.0002868221067983339
agnost,0.0002868221067983339
waccess,0.0002868221067983339
aget,0.0002868221067983339
afterward,0.0002868221067983339
walker,0.0002868221067983339
after,0.0002868221067983339
warrant,0.0002868221067983339
warranti,0.0002868221067983339
wast,0.0002868221067983339
afor,0.0002868221067983339
afollow,0.0002868221067983339
aelimin,0.0002868221067983339
webinar,0.0002868221067983339
advoc,0.0002868221067983339
weekli,0.0002868221067983339
weigh,0.0002868221067983339
advic,0.0002868221067983339
arthur,0.0002868221067983339
artici,0.0002868221067983339
truli,0.0002868221067983339
summar,0.0002868221067983339
supplier,0.0002868221067983339
bound,0.0002868221067983339
boot,0.0002868221067983339
suricatacompat,0.0002868221067983339
survey,0.0002868221067983339
bonc,0.0002868221067983339
suspend,0.0002868221067983339
boland,0.0002868221067983339
blueprint,0.0002868221067983339
sweet,0.0002868221067983339
bluegreen,0.0002868221067983339
syntax,0.0002868221067983339
blame,0.0002868221067983339
bit,0.0002868221067983339
szabo,0.0002868221067983339
bintegr,0.0002868221067983339
bestpractic,0.0002868221067983339
tailor,0.0002868221067983339
bestablish,0.0002868221067983339
bert,0.0002868221067983339
ber,0.0002868221067983339
tco,0.0002868221067983339
tde,0.0002868221067983339
teach,0.0002868221067983339
believ,0.0002868221067983339
boyd,0.0002868221067983339
sumeet,0.0002868221067983339
telephon,0.0002868221067983339
suitabl,0.0002868221067983339
stolen,0.0002868221067983339
burnett,0.0002868221067983339
bundl,0.0002868221067983339
bullough,0.0002868221067983339
budgetari,0.0002868221067983339
budget,0.0002868221067983339
stress,0.0002868221067983339
stricter,0.0002868221067983339
strictli,0.0002868221067983339
stride,0.0002868221067983339
string,0.0002868221067983339
stringreplac,0.0002868221067983339
bturn,0.0002868221067983339
bsee,0.0002868221067983339
strongest,0.0002868221067983339
brown,0.0002868221067983339
brought,0.0002868221067983339
subcontractor,0.0002868221067983339
breview,0.0002868221067983339
subordin,0.0002868221067983339
breakout,0.0002868221067983339
substitut,0.0002868221067983339
branch,0.0002868221067983339
sucient,0.0002868221067983339
brad,0.0002868221067983339
becr,0.0002868221067983339
bconsid,0.0002868221067983339
trigger,0.0002868221067983339
awhen,0.0002868221067983339
automot,0.0002868221067983339
automationdevelop,0.0002868221067983339
tokenizingtherefor,0.0002868221067983339
toler,0.0002868221067983339
auth,0.0002868221067983339
toolkit,0.0002868221067983339
tornado,0.0002868221067983339
attend,0.0002868221067983339
toyota,0.0002868221067983339
attck,0.0002868221067983339
attack,0.0002868221067983339
ato,0.0002868221067983339
athi,0.0002868221067983339
at,0.0002868221067983339
transact,0.0002868221067983339
assumerolewithwebident,0.0002868221067983339
assembl,0.0002868221067983339
transitdecemb,0.0002868221067983339
translat,0.0002868221067983339
asom,0.0002868221067983339
asid,0.0002868221067983339
aset,0.0002868221067983339
trend,0.0002868221067983339
tri,0.0002868221067983339
asend,0.0002868221067983339
autonom,0.0002868221067983339
awith,0.0002868221067983339
scal,0.0002868221067983339
tightly,0.0002868221067983339
bautom,0.0002868221067983339
batteri,0.0002868221067983339
temptat,0.0002868221067983339
tenanc,0.0002868221067983339
tenur,0.0002868221067983339
bar,0.0002868221067983339
balert,0.0002868221067983339
thank,0.0002868221067983339
that,0.0002868221067983339
theme,0.0002868221067983339
there,0.0002868221067983339
baddit,0.0002868221067983339
backend,0.0002868221067983339
backdoor,0.0002868221067983339
thirdparti,0.0002868221067983339
ayou,0.0002868221067983339
though,0.0002868221067983339
thousand,0.0002868221067983339
awsto,0.0002868221067983339
awsserviceev,0.0002868221067983339
awsprincipalorgid,0.0002868221067983339
throughput,0.0002868221067983339
ticket,0.0002868221067983339
awsmanag,0.0002868221067983339
tight,0.0002868221067983339
tempor,0.0002868221067983339
deprovis,0.0002868221067983339
satisfi,0.0002868221067983339
header,0.0002868221067983339
nodej,0.0002868221067983339
hire,0.0002868221067983339
nonalphabet,0.0002868221067983339
noncompli,0.0002868221067983339
hipaa,0.0002868221067983339
noth,0.0002868221067983339
hierarch,0.0002868221067983339
novak,0.0002868221067983339
novemb,0.0002868221067983339
npm,0.0002868221067983339
held,0.0002868221067983339
oac,0.0002868221067983339
oai,0.0002868221067983339
hasnt,0.0002868221067983339
histor,0.0002868221067983339
objectiveseach,0.0002868221067983339
harvey,0.0002868221067983339
harm,0.0002868221067983339
harder,0.0002868221067983339
occurr,0.0002868221067983339
oce,0.0002868221067983339
oci,0.0002868221067983339
hardcod,0.0002868221067983339
octob,0.0002868221067983339
oens,0.0002868221067983339
oensiv,0.0002868221067983339
har,0.0002868221067983339
hajeer,0.0002868221067983339
node,0.0002868221067983339
nicodemu,0.0002868221067983339
motor,0.0002868221067983339
narrow,0.0002868221067983339
imper,0.0002868221067983339
mover,0.0002868221067983339
impair,0.0002868221067983339
iii,0.0002868221067983339
iifor,0.0002868221067983339
mutat,0.0002868221067983339
mutaz,0.0002868221067983339
igbokw,0.0002868221067983339
mysql,0.0002868221067983339
naliz,0.0002868221067983339
nalli,0.0002868221067983339
idsip,0.0002868221067983339
nancial,0.0002868221067983339
nat,0.0002868221067983339
hold,0.0002868221067983339
navig,0.0002868221067983339
ncsc,0.0002868221067983339
nd,0.0002868221067983339
iaa,0.0002868221067983339
hundr,0.0002868221067983339
httpsawsamazoncomsamlattributesprincipaltag,0.0002868221067983339
neptun,0.0002868221067983339
net,0.0002868221067983339
netdevsecop,0.0002868221067983339
netun,0.0002868221067983339
never,0.0002868221067983339
hook,0.0002868221067983339
newer,0.0002868221067983339
ofband,0.0002868221067983339
guild,0.0002868221067983339
guidancemajor,0.0002868221067983339
pag,0.0002868221067983339
overcom,0.0002868221067983339
gameday,0.0002868221067983339
furthermor,0.0002868221067983339
funnel,0.0002868221067983339
overly,0.0002868221067983339
overus,0.0002868221067983339
fsbp,0.0002868221067983339
frontend,0.0002868221067983339
friction,0.0002868221067983339
fresh,0.0002868221067983339
frequenc,0.0002868221067983339
freddi,0.0002868221067983339
frameworkbest,0.0002868221067983339
frame,0.0002868221067983339
okta,0.0002868221067983339
palmer,0.0002868221067983339
paperbas,0.0002868221067983339
forwarded,0.0002868221067983339
parser,0.0002868221067983339
formul,0.0002868221067983339
for,0.0002868221067983339
footprint,0.0002868221067983339
partit,0.0002868221067983339
fischer,0.0002868221067983339
pastor,0.0002868221067983339
pat,0.0002868221067983339
financi,0.0002868221067983339
pathway,0.0002868221067983339
overarch,0.0002868221067983339
garman,0.0002868221067983339
over,0.0002868221067983339
gate,0.0002868221067983339
older,0.0002868221067983339
guidancelarge,0.0002868221067983339
guidancedecemb,0.0002868221067983339
guessabl,0.0002868221067983339
onto,0.0002868221067983339
gsca,0.0002868221067983339
growth,0.0002868221067983339
greatli,0.0002868221067983339
opted,0.0002868221067983339
grc,0.0002868221067983339
optimis,0.0002868221067983339
graph,0.0002868221067983339
oracl,0.0002868221067983339
granularli,0.0002868221067983339
grammar,0.0002868221067983339
oregon,0.0002868221067983339
governanc,0.0002868221067983339
googl,0.0002868221067983339
osit,0.0002868221067983339
globe,0.0002868221067983339
otp,0.0002868221067983339
girard,0.0002868221067983339
ghedia,0.0002868221067983339
getobject,0.0002868221067983339
geo,0.0002868221067983339
general,0.0002868221067983339
gaw,0.0002868221067983339
imperson,0.0002868221067983339
month,0.0002868221067983339
payer,0.0002868221067983339
joiner,0.0002868221067983339
kasprzykowski,0.0002868221067983339
loop,0.0002868221067983339
lose,0.0002868221067983339
jupyt,0.0002868221067983339
june,0.0002868221067983339
juli,0.0002868221067983339
lt,0.0002868221067983339
lterto,0.0002868221067983339
luescher,0.0002868221067983339
lui,0.0002868221067983339
journey,0.0002868221067983339
machine,0.0002868221067983339
jonathan,0.0002868221067983339
johnson,0.0002868221067983339
kept,0.0002868221067983339
johnsmithexamplecom,0.0002868221067983339
john,0.0002868221067983339
maintenan,0.0002868221067983339
maitreya,0.0002868221067983339
jay,0.0002868221067983339
mak,0.0002868221067983339
jason,0.0002868221067983339
janedoeexamplecom,0.0002868221067983339
jane,0.0002868221067983339
managementjuli,0.0002868221067983339
jake,0.0002868221067983339
izumi,0.0002868221067983339
manipul,0.0002868221067983339
keat,0.0002868221067983339
logshel,0.0002868221067983339
monolith,0.0002868221067983339
language,0.0002868221067983339
legitim,0.0002868221067983339
len,0.0002868221067983339
leastprivileg,0.0002868221067983339
law,0.0002868221067983339
lessen,0.0002868221067983339
latencysensit,0.0002868221067983339
liabil,0.0002868221067983339
licensor,0.0002868221067983339
lifetim,0.0002868221067983339
lift,0.0002868221067983339
lightn,0.0002868221067983339
aan,0.0002868221067983339
languageapril,0.0002868221067983339
lineag,0.0002868221067983339
kevin,0.0002868221067983339
linear,0.0002868221067983339
kurt,0.0002868221067983339
linkmay,0.0002868221067983339
linksmay,0.0002868221067983339
kumar,0.0002868221067983339
krishnaswami,0.0002868221067983339
krishna,0.0002868221067983339
kinesi,0.0002868221067983339
loc,0.0002868221067983339
kilomet,0.0002868221067983339
kiaan,0.0002868221067983339
khan,0.0002868221067983339
keyssecret,0.0002868221067983339
isv,0.0002868221067983339
iso,0.0002868221067983339
manufactur,0.0002868221067983339
increment,0.0002868221067983339
inject,0.0002868221067983339
mile,0.0002868221067983339
miller,0.0002868221067983339
million,0.0002868221067983339
millisecond,0.0002868221067983339
mimic,0.0002868221067983339
infrequ,0.0002868221067983339
minh,0.0002868221067983339
ineect,0.0002868221067983339
ineci,0.0002868221067983339
index,0.0002868221067983339
incur,0.0002868221067983339
misalign,0.0002868221067983339
mission,0.0002868221067983339
marc,0.0002868221067983339
incidentresponserolearn,0.0002868221067983339
inbox,0.0002868221067983339
mnev,0.0002868221067983339
mock,0.0002868221067983339
inact,0.0002868221067983339
improvis,0.0002868221067983339
improperli,0.0002868221067983339
improp,0.0002868221067983339
implicitli,0.0002868221067983339
modifyimageattribut,0.0002868221067983339
implicit,0.0002868221067983339
impli,0.0002868221067983339
monka,0.0002868221067983339
insecur,0.0002868221067983339
michaelbrownexamplecom,0.0002868221067983339
instabl,0.0002868221067983339
metro,0.0002868221067983339
march,0.0002868221067983339
iserverless,0.0002868221067983339
irina,0.0002868221067983339
invoc,0.0002868221067983339
matt,0.0002868221067983339
invas,0.0002868221067983339
invari,0.0002868221067983339
maven,0.0002868221067983339
maxim,0.0002868221067983339
mcabe,0.0002868221067983339
mccall,0.0002868221067983339
intrins,0.0002868221067983339
meaning,0.0002868221067983339
meaningless,0.0002868221067983339
meant,0.0002868221067983339
intransit,0.0002868221067983339
intra,0.0002868221067983339
media,0.0002868221067983339
mediat,0.0002868221067983339
interv,0.0002868221067983339
interconnect,0.0002868221067983339
inter,0.0002868221067983339
meric,0.0002868221067983339
met,0.0002868221067983339
integrationcontinu,0.0002868221067983339
intak,0.0002868221067983339
instructor,0.0002868221067983339
patrick,0.0002868221067983339
pcap,0.0002868221067983339
satisfact,0.0002868221067983339
remind,0.0002868221067983339
didnt,0.0002868221067983339
rehost,0.0002868221067983339
rein,0.0002868221067983339
dickinson,0.0002868221067983339
reinvest,0.0002868221067983339
dhcp,0.0002868221067983339
devsecop,0.0002868221067983339
devis,0.0002868221067983339
relax,0.0002868221067983339
detour,0.0002868221067983339
reliant,0.0002868221067983339
desktop,0.0002868221067983339
desensit,0.0002868221067983339
deputi,0.0002868221067983339
dimens,0.0002868221067983339
leaver,0.0002868221067983339
demystifi,0.0002868221067983339
reorder,0.0002868221067983339
demilitar,0.0002868221067983339
deliti,0.0002868221067983339
deleteobject,0.0002868221067983339
replatform,0.0002868221067983339
deleteitem,0.0002868221067983339
delay,0.0002868221067983339
deident,0.0002868221067983339
represent,0.0002868221067983339
reproduc,0.0002868221067983339
repudi,0.0002868221067983339
dierenc,0.0002868221067983339
regard,0.0002868221067983339
rca,0.0002868221067983339
recep,0.0002868221067983339
dm,0.0002868221067983339
reach,0.0002868221067983339
reachabl,0.0002868221067983339
reactiv,0.0002868221067983339
dlci,0.0002868221067983339
reader,0.0002868221067983339
dlc,0.0002868221067983339
diy,0.0002868221067983339
divid,0.0002868221067983339
realist,0.0002868221067983339
realiti,0.0002868221067983339
divers,0.0002868221067983339
rebuild,0.0002868221067983339
reconnaiss,0.0002868221067983339
referencesjuli,0.0002868221067983339
reconstruct,0.0002868221067983339
display,0.0002868221067983339
disparag,0.0002868221067983339
dispar,0.0002868221067983339
recur,0.0002868221067983339
disk,0.0002868221067983339
reden,0.0002868221067983339
redshift,0.0002868221067983339
discredit,0.0002868221067983339
discern,0.0002868221067983339
reef,0.0002868221067983339
refactor,0.0002868221067983339
referenc,0.0002868221067983339
degre,0.0002868221067983339
degirm,0.0002868221067983339
requestor,0.0002868221067983339
cregularli,0.0002868221067983339
cthe,0.0002868221067983339
csp,0.0002868221067983339
rigor,0.0002868221067983339
risbrook,0.0002868221067983339
csosciso,0.0002868221067983339
riski,0.0002868221067983339
riskier,0.0002868221067983339
robert,0.0002868221067983339
csf,0.0002868221067983339
rol,0.0002868221067983339
crypto,0.0002868221067983339
crucial,0.0002868221067983339
rootcredentialusag,0.0002868221067983339
rpo,0.0002868221067983339
requestparametersrolearn,0.0002868221067983339
rsa,0.0002868221067983339
coverag,0.0002868221067983339
cours,0.0002868221067983339
rust,0.0002868221067983339
counsel,0.0002868221067983339
costli,0.0002868221067983339
saga,0.0002868221067983339
corrupt,0.0002868221067983339
sale,0.0002868221067983339
salzedo,0.0002868221067983339
samlaw,0.0002868221067983339
corpor,0.0002868221067983339
saner,0.0002868221067983339
cto,0.0002868221067983339
curat,0.0002868221067983339
customeraw,0.0002868221067983339
reviewimplement,0.0002868221067983339
defensein,0.0002868221067983339
rerun,0.0002868221067983339
defend,0.0002868221067983339
reservoir,0.0002868221067983339
residu,0.0002868221067983339
decompos,0.0002868221067983339
resolut,0.0002868221067983339
decision,0.0002868221067983339
resourcebas,0.0002868221067983339
resourcetag,0.0002868221067983339
debt,0.0002868221067983339
de,0.0002868221067983339
dconsid,0.0002868221067983339
dave,0.0002868221067983339
datastor,0.0002868221067983339
dataset,0.0002868221067983339
darran,0.0002868221067983339
retir,0.0002868221067983339
daniel,0.0002868221067983339
retroact,0.0002868221067983339
dan,0.0002868221067983339
damag,0.0002868221067983339
reusabl,0.0002868221067983339
rev,0.0002868221067983339
reveal,0.0002868221067983339
revert,0.0002868221067983339
cyclonedx,0.0002868221067983339
dmz,0.0002868221067983339
do,0.0002868221067983339
fewest,0.0002868221067983339
exampo,0.0002868221067983339
pledg,0.0002868221067983339
plugin,0.0002868221067983339
pogson,0.0002868221067983339
pointin,0.0002868221067983339
polic,0.0002868221067983339
policy,0.0002868221067983339
poorli,0.0002868221067983339
expens,0.0002868221067983339
portabl,0.0002868221067983339
portfolio,0.0002868221067983339
possess,0.0002868221067983339
exclud,0.0002868221067983339
except,0.0002868221067983339
pow,0.0002868221067983339
externally,0.0002868221067983339
everyday,0.0002868221067983339
practicesjun,0.0002868221067983339
prasad,0.0002868221067983339
pratima,0.0002868221067983339
prcess,0.0002868221067983339
everybodi,0.0002868221067983339
ever,0.0002868221067983339
precis,0.0002868221067983339
precreat,0.0002868221067983339
predetermin,0.0002868221067983339
eventtyp,0.0002868221067983339
preliminari,0.0002868221067983339
eventnam,0.0002868221067983339
express,0.0002868221067983339
extra,0.0002868221067983339
docker,0.0002868221067983339
persona,0.0002868221067983339
feel,0.0002868221067983339
percept,0.0002868221067983339
fedramp,0.0002868221067983339
februari,0.0002868221067983339
featuresmay,0.0002868221067983339
perimeter,0.0002868221067983339
featuresapril,0.0002868221067983339
perman,0.0002868221067983339
favorit,0.0002868221067983339
permut,0.0002868221067983339
perpetu,0.0002868221067983339
perregion,0.0002868221067983339
fast,0.0002868221067983339
fashion,0.0002868221067983339
plaintext,0.0002868221067983339
farooq,0.0002868221067983339
phantom,0.0002868221067983339
faq,0.0002868221067983339
philosophi,0.0002868221067983339
faisal,0.0002868221067983339
pick,0.0002868221067983339
failov,0.0002868221067983339
fahima,0.0002868221067983339
pillarnovemb,0.0002868221067983339
pilot,0.0002868221067983339
ping,0.0002868221067983339
pip,0.0002868221067983339
extrem,0.0002868221067983339
euu,0.0002868221067983339
prepared,0.0002868221067983339
preprocess,0.0002868221067983339
dsouza,0.0002868221067983339
promoteresourcesharecreatedfrompolici,0.0002868221067983339
eld,0.0002868221067983339
ef,0.0002868221067983339
editori,0.0002868221067983339
editor,0.0002868221067983339
provabl,0.0002868221067983339
eci,0.0002868221067983339
easiest,0.0002868221067983339
proxi,0.0002868221067983339
proxim,0.0002868221067983339
earthquak,0.0002868221067983339
publishednovemb,0.0002868221067983339
pure,0.0002868221067983339
driver,0.0002868221067983339
prerequisit,0.0002868221067983339
putitem,0.0002868221067983339
python,0.0002868221067983339
qu,0.0002868221067983339
dress,0.0002868221067983339
draw,0.0002868221067983339
quick,0.0002868221067983339
quicker,0.0002868221067983339
downstream,0.0002868221067983339
rajavaram,0.0002868221067983339
doe,0.0002868221067983339
ramrequestedallowsexternalprincip,0.0002868221067983339
random,0.0002868221067983339
ranganath,0.0002868221067983339
elig,0.0002868221067983339
promiscu,0.0002868221067983339
emili,0.0002868221067983339
emilyjohnsonexamplecom,0.0002868221067983339
etcpasswd,0.0002868221067983339
estor,0.0002868221067983339
pressur,0.0002868221067983339
preval,0.0002868221067983339
preview,0.0002868221067983339
esl,0.0002868221067983339
errorpron,0.0002868221067983339
previouslyment,0.0002868221067983339
primarili,0.0002868221067983339
primit,0.0002868221067983339
episod,0.0002868221067983339
principal,0.0002868221067983339
eol,0.0002868221067983339
principaltag,0.0002868221067983339
entra,0.0002868221067983339
entertain,0.0002868221067983339
privatelinkmay,0.0002868221067983339
priyank,0.0002868221067983339
eni,0.0002868221067983339
probabl,0.0002868221067983339
problemat,0.0002868221067983339
processreplac,0.0002868221067983339
en,0.0002868221067983339
empow,0.0002868221067983339
production,0.0002868221067983339
emphas,0.0002868221067983339
programmatically,0.0002868221067983339
largest,0.0002868221067983339
